timestmp,smpleCnt,grnCnt,led2,led3,grn2Cnt,irCnt,redCnt,accelX,accelY,accelZ,hr,rr,rrsecure,spo2
14:50:45.904506,0,23406,5529,6030,29033,21792,24993,-0.392,0.450,0.764,60.0,0.0,0,0.0
14:50:45.909205,1,23402,5530,6028,29031,21791,24990,-0.393,0.452,0.762,60.0,0.0,0,0.0
14:50:45.917319,2,29275,5528,6027,36311,21788,24989,-0.392,0.449,0.765,60.0,0.0,0,0.0
14:50:45.921603,3,35165,5526,6026,43571,21786,24988,-0.392,0.452,0.764,60.0,0.0,0,0.0
14:50:45.925289,4,41144,5528,6027,50915,21786,24990,-0.394,0.452,0.762,60.0,0.0,0,0.0
14:50:45.929743,5,46547,5530,6026,57649,21787,24989,-0.392,0.452,0.764,60.0,0.0,0,0.0
14:50:45.932865,6,51981,5527,6026,64407,21782,24988,-0.392,0.452,0.764,60.0,0.0,0,0.0
14:50:45.935164,7,57242,5528,6025,70925,21783,24985,-0.392,0.452,0.764,60.0,0.0,0,0.0
14:50:46.102271,8,61974,5526,6027,76848,21784,24987,-0.392,0.452,0.764,60.0,0.0,0,0.0
14:50:46.105206,9,66815,5527,6025,82869,21783,24984,-0.391,0.450,0.765,60.0,0.0,0,0.0
14:50:46.107782,10,71408,5527,6025,88557,21784,24986,-0.391,0.452,0.764,60.0,0.0,0,0.0
14:50:46.110819,11,73433,5526,6026,91026,21781,24987,-0.392,0.454,0.764,60.0,0.0,0,0.0
14:50:46.114809,12,73429,10982,11905,91011,43220,49299,-0.391,0.452,0.764,60.0,0.0,0,0.0
14:50:46.302552,13,73427,10981,11904,91008,43202,49299,-0.392,0.453,0.764,60.0,0.0,0,0.0
14:50:46.310107,14,73425,10980,11904,91002,43196,49295,-0.392,0.453,0.764,60.0,0.0,0,0.0
14:50:46.315810,15,73422,10981,11902,90998,43193,49294,-0.392,0.452,0.763,60.0,0.0,0,0.0
14:50:46.319398,16,73419,10977,11903,90997,43190,49292,-0.394,0.451,0.763,60.0,0.0,0,0.0
14:50:46.323637,17,73414,10978,11900,90992,43188,49292,-0.392,0.450,0.764,60.0,0.0,0,0.0
14:50:46.500959,18,73416,10977,11903,90991,43185,49291,-0.392,0.452,0.764,60.0,0.0,0,0.0
14:50:46.503905,19,73406,10976,11903,90987,43185,49293,-0.391,0.454,0.767,60.0,0.0,0,0.0
14:50:46.507350,20,73410,10975,11900,90986,43186,49290,-0.392,0.452,0.764,60.0,0.0,0,0.0
14:50:46.512121,21,73407,10977,11900,90983,43186,49287,-0.391,0.454,0.765,60.0,0.0,0,0.0
14:50:46.515863,22,73405,10973,11902,90985,43180,49289,-0.391,0.452,0.765,60.0,0.0,0,0.0
14:50:46.700411,23,73407,10973,11903,90980,43182,49290,-0.391,0.451,0.763,60.0,0.0,0,0.0
14:50:46.703361,24,73403,21399,23447,90976,81624,95155,-0.391,0.452,0.764,60.0,0.0,0,0.0
14:50:46.708072,25,73399,21386,23445,90970,84199,96860,-0.392,0.453,0.764,60.0,0.0,0,0.0
14:50:46.714773,26,73400,21382,23444,90974,84172,96851,-0.392,0.451,0.762,60.0,0.0,0,0.0
14:50:46.722023,27,73395,21373,23441,90967,84152,96836,-0.391,0.452,0.764,60.0,0.0,0,0.0
14:50:46.899930,28,73392,21372,23438,90962,84143,96834,-0.393,0.452,0.765,60.0,0.0,0,0.0
14:50:46.903187,29,73394,21368,23440,90961,84128,96827,-0.391,0.452,0.763,60.0,0.0,0,0.0
14:50:46.906579,30,73390,21366,23438,90957,84121,96830,-0.392,0.451,0.764,60.0,0.0,0,0.0
14:50:46.908976,31,73389,21365,23438,90958,84113,96822,-0.391,0.452,0.763,60.0,0.0,0,0.0
14:50:46.911550,32,73391,21363,23435,90961,84105,96817,-0.391,0.453,0.765,60.0,0.0,0,0.0
14:50:47.103409,33,73387,21357,23435,90956,84097,96814,-0.392,0.454,0.762,60.0,0.0,0,0.0
14:50:47.107811,34,73388,21357,23432,90955,84090,96809,-0.391,0.452,0.764,60.0,0.0,0,0.0
14:50:47.112446,35,73383,21356,23433,90953,84087,96807,-0.391,0.452,0.764,60.0,0.0,0,0.0
14:50:47.115204,36,73387,21911,24069,90957,86265,99424,-0.391,0.455,0.763,60.0,0.0,0,0.0
14:50:47.118159,37,73387,21909,24069,90956,86258,99423,-0.391,0.453,0.765,60.0,0.0,0,0.0
14:50:47.302878,38,73385,21907,24066,90952,86254,99421,-0.391,0.451,0.766,60.0,0.0,0,0.0
14:50:47.308318,39,73383,21908,24064,90950,86247,99416,-0.392,0.453,0.764,60.0,0.0,0,0.0
14:50:47.312601,40,73387,21906,24066,90952,86245,99417,-0.392,0.450,0.765,60.0,0.0,0,0.0
14:50:47.317201,41,73382,21902,24065,90950,86240,99415,-0.392,0.453,0.766,60.0,0.0,0,0.0
14:50:47.321637,42,73384,21904,24065,90951,86239,99413,-0.391,0.452,0.764,60.0,0.0,0,0.0
14:50:47.500207,43,73387,21903,24065,90949,86236,99417,-0.391,0.452,0.765,60.0,0.0,0,0.0
14:50:47.504471,44,73386,21901,24065,90954,86234,99412,-0.390,0.453,0.764,60.0,0.0,0,0.0
14:50:47.511606,45,73388,21898,24066,90951,86234,99413,-0.391,0.454,0.762,60.0,0.0,0,0.0
14:50:47.515000,46,73383,21899,24061,90951,86233,99411,-0.392,0.453,0.764,60.0,0.0,0,0.0
14:50:47.519896,47,73372,21895,24059,90939,86229,99411,-0.390,0.454,0.764,60.0,0.0,0,0.0
14:50:47.699631,48,73378,21898,24061,90945,86223,99412,-0.391,0.453,0.765,60.0,0.0,0,0.0
14:50:47.703190,49,73370,21893,24059,90938,86216,99409,-0.391,0.454,0.763,60.0,0.0,0,0.0
14:50:47.707892,50,73373,21892,24061,90937,86218,99404,-0.391,0.453,0.763,60.0,0.0,0,0.0
14:50:47.712848,51,73377,21896,24057,90939,86219,99407,-0.392,0.454,0.764,60.0,0.0,0,0.0
14:50:47.716728,52,73373,21892,24061,90938,86214,99410,-0.392,0.454,0.764,60.0,0.0,0,0.0
14:50:47.900123,53,73375,21896,24059,90944,86215,99404,-0.391,0.452,0.764,60.0,0.0,0,0.0
14:50:47.903710,54,73369,21894,24061,90935,86213,99402,-0.391,0.453,0.764,60.0,0.0,0,0.0
14:50:47.906447,55,73368,21891,24058,90935,86208,99401,-0.391,0.453,0.764,60.0,0.0,0,0.0
14:50:47.908838,56,73362,21891,24055,90929,86205,99399,-0.392,0.451,0.764,60.0,0.0,0,0.0
14:50:47.912907,57,73363,21890,24059,90930,86204,99403,-0.390,0.452,0.764,60.0,0.0,0,0.0
14:50:48.099616,58,73366,21891,24057,90929,86203,99398,-0.391,0.453,0.763,60.0,0.0,0,0.0
14:50:48.103792,59,73367,21891,24058,90931,86205,99400,-0.392,0.452,0.765,60.0,0.0,0,0.0
14:50:48.106339,60,73367,21890,24059,90930,86205,99397,-0.392,0.454,0.763,60.0,0.0,0,0.0
14:50:48.110658,61,73369,21890,24059,90930,86206,99403,-0.392,0.453,0.764,60.0,0.0,0,0.0
14:50:48.113408,62,73367,21889,24056,90928,86207,99401,-0.392,0.454,0.762,60.0,0.0,0,0.0
14:50:48.301357,63,73362,21888,24055,90926,86197,99396,-0.392,0.453,0.765,60.0,0.0,0,0.0
14:50:48.311244,64,73362,21887,24054,90923,86202,99399,-0.391,0.454,0.764,60.0,0.0,0,0.0
14:50:48.314545,65,73359,21887,24055,90919,86195,99393,-0.392,0.453,0.766,60.0,0.0,0,0.0
14:50:48.319690,66,73356,21889,24054,90922,86196,99390,-0.392,0.453,0.763,60.0,0.0,0,0.0
14:50:48.324109,67,73365,21888,24055,90925,86196,99393,-0.390,0.454,0.765,60.0,0.0,0,0.0
14:50:48.498961,68,73358,21888,24055,90919,86197,99392,-0.390,0.454,0.764,60.0,0.0,0,0.0
14:50:48.502207,69,73351,21886,24055,90913,86197,99395,-0.391,0.454,0.764,60.0,0.0,0,0.0
14:50:48.506202,70,73356,21884,24055,90920,86194,99395,-0.392,0.451,0.763,60.0,0.0,0,0.0
14:50:48.511353,71,73355,21888,24053,90914,86196,99393,-0.391,0.452,0.765,60.0,0.0,0,0.0
14:50:48.514254,72,73353,21886,24055,90916,86196,99397,-0.392,0.452,0.765,60.0,0.0,0,0.0
14:50:48.710166,73,73361,21886,24055,90918,86193,99393,-0.393,0.453,0.764,60.0,0.0,0,0.0
14:50:48.713573,74,73355,21886,24052,90918,86194,99390,-0.390,0.454,0.764,60.0,0.0,0,0.0
14:50:48.717191,75,73355,21886,24054,90915,86192,99394,-0.392,0.450,0.766,60.0,0.0,0,0.0
14:50:48.729948,76,73353,21884,24051,90915,86189,99389,-0.392,0.453,0.764,60.0,0.0,0,0.0
14:50:48.737449,77,73347,21883,24050,90910,86192,99392,-0.391,0.453,0.766,60.0,0.0,0,0.0
14:50:48.907143,78,73353,21884,24053,90916,86190,99394,-0.391,0.454,0.763,60.0,0.0,0,0.0
14:50:48.912818,79,73352,21886,24053,90912,86187,99391,-0.391,0.453,0.765,60.0,0.0,0,0.0
14:50:48.925063,80,73350,21884,24052,90909,86189,99388,-0.391,0.453,0.764,60.0,0.0,0,0.0
14:50:48.928275,81,73352,21886,24051,90912,86189,99388,-0.390,0.454,0.766,60.0,0.0,0,0.0
14:50:48.933693,82,73352,21885,24050,90913,86185,99382,-0.391,0.453,0.765,60.0,0.0,0,0.0
14:50:49.101300,83,73352,21882,24051,90911,86182,99382,-0.390,0.454,0.766,60.0,0.0,0,0.0
14:50:49.106413,84,73347,21882,24048,90906,86182,99386,-0.391,0.455,0.764,60.0,0.0,0,0.0
14:50:49.110698,85,73350,21884,24051,90909,86182,99385,-0.392,0.453,0.765,60.0,0.0,0,0.0
14:50:49.115090,86,73350,21881,24053,90909,86182,99389,-0.391,0.454,0.764,60.0,0.0,0,0.0
14:50:49.121395,87,73352,21884,24051,90911,86187,99387,-0.391,0.454,0.765,60.0,0.0,0,0.0
14:50:49.301753,88,73347,21882,24052,90907,86182,99386,-0.391,0.454,0.764,60.0,0.0,0,0.0
14:50:49.310812,89,73348,21883,24051,90913,86185,99386,-0.392,0.453,0.765,59.0,0.0,0,0.0
14:50:49.315491,90,73349,21883,24054,90913,86182,99387,-0.391,0.453,0.764,59.0,0.0,0,0.0
14:50:49.320050,91,73349,21881,24051,90911,86180,99385,-0.391,0.453,0.764,59.0,0.0,0,0.0
14:50:49.324794,92,73353,21883,24053,90913,86183,99387,-0.392,0.454,0.763,59.0,0.0,0,0.0
14:50:49.499536,93,73351,21882,24053,90907,86179,99387,-0.391,0.455,0.764,59.0,0.0,0,0.0
14:50:49.506946,94,73348,21881,24052,90908,86183,99383,-0.391,0.452,0.764,59.0,0.0,0,0.0
14:50:49.511570,95,73350,21881,24051,90908,86182,99386,-0.392,0.454,0.764,59.0,0.0,0,0.0
14:50:49.516391,96,73351,21879,24050,90911,86180,99391,-0.391,0.455,0.766,59.0,0.0,0,0.0
14:50:49.519605,97,73348,21881,24050,90907,86178,99383,-0.391,0.453,0.765,59.0,0.0,0,0.0
14:50:49.698764,98,73353,21883,24052,90910,86178,99385,-0.390,0.454,0.765,59.0,0.0,0,0.0
14:50:49.702828,99,73349,21883,24049,90905,86178,99381,-0.392,0.454,0.765,59.0,0.0,0,0.0
14:50:49.705933,100,73348,21879,24050,90910,86175,99379,-0.390,0.455,0.765,59.0,0.0,0,0.0
14:50:49.709190,101,73348,21879,24052,90909,86176,99380,-0.391,0.455,0.766,59.0,0.0,0,0.0
14:50:49.712927,102,73348,21878,24049,90905,86177,99378,-0.390,0.457,0.764,59.0,0.0,0,0.0
14:50:49.898358,103,73348,21879,24048,90907,86178,99382,-0.390,0.455,0.765,59.0,0.0,0,0.0
14:50:49.902100,104,73351,21879,24052,90908,86178,99381,-0.391,0.455,0.766,59.0,0.0,0,0.0
14:50:49.904629,105,73355,21880,24051,90912,86176,99379,-0.390,0.454,0.765,59.0,0.0,0,0.0
14:50:49.908264,106,73350,21881,24048,90912,86176,99375,-0.390,0.454,0.766,59.0,0.0,0,0.0
14:50:49.911652,107,73349,21881,24049,90907,86178,99381,-0.390,0.455,0.764,59.0,0.0,0,0.0
14:50:50.097859,108,73349,21880,24053,90907,86182,99381,-0.391,0.456,0.764,59.0,0.0,0,0.0
14:50:50.102076,109,73347,21881,24050,90904,86178,99377,-0.389,0.456,0.765,59.0,0.0,0,0.0
14:50:50.107686,110,73346,21881,24049,90902,86176,99380,-0.391,0.456,0.765,59.0,0.0,0,0.0
14:50:50.112180,111,73347,21878,24051,90906,86171,99383,-0.392,0.454,0.765,59.0,0.0,0,0.0
14:50:50.116032,112,73348,21882,24050,90903,86176,99381,-0.390,0.453,0.764,59.0,0.0,0,0.0
14:50:50.299764,113,73348,21879,24054,90905,86174,99384,-0.392,0.453,0.765,59.0,0.0,0,0.0
14:50:50.304966,114,73348,21878,24054,90907,86178,99382,-0.392,0.454,0.763,59.0,0.0,0,0.0
14:50:50.310841,115,73348,21879,24051,90905,86172,99381,-0.392,0.453,0.764,59.0,0.0,0,0.0
14:50:50.315543,116,73347,21882,24051,90906,86179,99382,-0.390,0.453,0.765,59.0,0.0,0,0.0
14:50:50.318995,117,73344,21880,24050,90905,86175,99379,-0.392,0.452,0.764,59.0,0.0,0,0.0
14:50:50.497863,118,73346,21880,24049,90904,86174,99378,-0.391,0.454,0.764,59.0,0.0,0,0.0
14:50:50.501229,119,73346,21879,24052,90906,86174,99381,-0.392,0.453,0.765,59.0,0.0,0,0.0
14:50:50.503918,120,73347,21880,24050,90905,86175,99379,-0.392,0.454,0.765,59.0,0.0,0,0.0
14:50:50.507090,121,73349,21879,24052,90909,86175,99381,-0.392,0.452,0.764,59.0,0.0,0,0.0
14:50:50.510113,122,73348,21879,24052,90904,86174,99380,-0.390,0.454,0.766,59.0,0.0,0,0.0
14:50:50.698737,123,73353,21878,24048,90907,86174,99376,-0.392,0.452,0.765,59.0,0.0,0,0.0
14:50:50.701803,124,73347,21878,24050,90901,86175,99382,-0.391,0.455,0.765,60.0,0.0,0,0.0
14:50:50.704560,125,73346,21880,24050,90901,86176,99381,-0.392,0.454,0.764,60.0,0.0,0,0.0
14:50:50.708356,126,73346,21878,24049,90900,86170,99378,-0.391,0.453,0.766,60.0,0.0,0,0.0
14:50:50.711851,127,73343,21880,24048,90902,86174,99372,-0.393,0.454,0.764,60.0,0.0,0,0.0
14:50:50.897834,128,73347,21879,24050,90899,86171,99374,-0.392,0.454,0.765,60.0,0.0,0,0.0
14:50:50.900722,129,73351,21878,24049,90905,86170,99376,-0.391,0.452,0.765,60.0,0.0,0,0.0
14:50:50.903279,130,73343,21879,24050,90904,86173,99373,-0.392,0.454,0.764,60.0,0.0,0,0.0
14:50:50.906045,131,73342,21876,24049,90900,86169,99374,-0.392,0.451,0.765,60.0,0.0,0,0.0
14:50:50.909092,132,73344,21879,24049,90898,86172,99375,-0.391,0.452,0.763,60.0,0.0,0,0.0
14:50:51.097478,133,73343,21879,24049,90898,86171,99380,-0.391,0.453,0.766,60.0,0.0,0,0.0
14:50:51.100383,134,73344,21879,24046,90902,86173,99367,-0.391,0.452,0.766,60.0,0.0,0,0.0
14:50:51.102966,135,73340,21877,24050,90895,86170,99378,-0.391,0.453,0.763,60.0,0.0,0,0.0
14:50:51.106087,136,73343,21879,24050,90900,86170,99379,-0.391,0.454,0.765,60.0,0.0,0,0.0
14:50:51.108960,137,73344,21880,24049,90900,86173,99378,-0.391,0.452,0.764,60.0,0.0,0,0.0
14:50:51.297527,138,73344,21880,24048,90904,86174,99374,-0.391,0.453,0.763,60.0,0.0,0,0.0
14:50:51.301322,139,73346,21877,24048,90904,86168,99377,-0.391,0.451,0.765,60.0,0.0,0,0.0
14:50:51.304589,140,73340,21880,24045,90898,86175,99375,-0.393,0.453,0.764,60.0,0.0,0,0.0
14:50:51.307446,141,73342,21877,24050,90898,86170,99377,-0.390,0.452,0.763,60.0,0.0,0,0.0
14:50:51.310036,142,73345,21877,24047,90903,86175,99375,-0.392,0.453,0.765,60.0,0.0,0,0.0
14:50:51.497448,143,73347,21878,24047,90901,86172,99375,-0.390,0.453,0.764,60.0,0.0,0,0.0
14:50:51.502390,144,73347,21878,24049,90903,86170,99374,-0.390,0.451,0.763,60.0,0.0,0,0.0
14:50:51.505939,145,73344,21878,24046,90897,86170,99373,-0.391,0.453,0.763,60.0,0.0,0,0.0
14:50:51.509481,146,73345,21877,24046,90902,86172,99372,-0.390,0.453,0.763,60.0,0.0,0,0.0
14:50:51.512261,147,73343,21880,24048,90902,86173,99376,-0.392,0.454,0.764,60.0,0.0,0,0.0
14:50:51.698315,148,73341,21873,24047,90901,86169,99376,-0.391,0.455,0.765,60.0,0.0,0,0.0
14:50:51.702122,149,73343,21877,24046,90899,86166,99376,-0.391,0.453,0.764,60.0,0.0,0,0.0
14:50:51.704803,150,73342,21879,24048,90899,86170,99373,-0.391,0.454,0.764,60.0,0.0,0,0.0
14:50:51.708401,151,73346,21878,24050,90899,86174,99376,-0.391,0.452,0.764,60.0,0.0,0,0.0
14:50:51.710933,152,73345,21875,24048,90900,86170,99373,-0.391,0.453,0.764,60.0,0.0,0,0.0
14:50:51.897243,153,73342,21878,24044,90897,86171,99373,-0.391,0.452,0.765,60.0,0.0,0,0.0
14:50:51.900616,154,73346,21875,24048,90902,86165,99375,-0.391,0.453,0.764,60.0,3318.1,10,0.0
14:50:51.903483,155,73346,21876,24050,90896,86170,99376,-0.391,0.453,0.766,60.0,0.0,0,0.0
14:50:51.906990,156,73342,21876,24047,90897,86170,99370,-0.392,0.452,0.764,60.0,0.0,0,0.0
14:50:51.909395,157,73343,21877,24045,90897,86170,99375,-0.391,0.453,0.764,60.0,0.0,0,0.0
14:50:52.096331,158,73346,21878,24047,90904,86169,99375,-0.391,0.453,0.765,60.0,0.0,0,0.0
14:50:52.098952,159,73343,21874,24047,90897,86166,99372,-0.391,0.453,0.764,60.0,0.0,0,0.0
14:50:52.101973,160,73345,21876,24047,90896,86167,99370,-0.392,0.453,0.764,60.0,0.0,0,0.0
14:50:52.105329,161,73340,21876,24047,90898,86166,99375,-0.391,0.453,0.764,60.0,0.0,0,0.0
14:50:52.107984,162,73343,21878,24048,90896,86172,99373,-0.391,0.453,0.764,60.0,0.0,0,0.0
14:50:52.297559,163,73341,21873,24048,90901,86167,99376,-0.391,0.453,0.765,60.0,0.0,0,0.0
14:50:52.301057,164,73346,21875,24047,90902,86168,99378,-0.391,0.454,0.763,60.0,0.0,0,0.0
14:50:52.303455,165,73343,21876,24050,90898,86173,99376,-0.392,0.453,0.763,60.0,313.8,25,0.0
14:50:52.306679,166,73341,21877,24046,90894,86170,99377,-0.391,0.452,0.765,60.0,0.0,0,0.0
14:50:52.309957,167,73339,21874,24048,90899,86173,99372,-0.391,0.454,0.765,60.0,0.0,0,0.0
14:50:52.496108,168,73339,21876,24047,90894,86166,99373,-0.392,0.453,0.765,60.0,0.0,0,0.0
14:50:52.499681,169,73334,21872,24044,90889,86164,99367,-0.391,0.453,0.764,61.0,0.0,0,0.0
14:50:52.503439,170,73333,21876,24046,90890,86166,99372,-0.391,0.452,0.766,61.0,0.0,0,0.0
14:50:52.506113,171,73336,21874,24044,90894,86168,99373,-0.392,0.453,0.763,61.0,0.0,0,0.0
14:50:52.510535,172,73333,21872,24045,90888,86164,99368,-0.392,0.453,0.763,61.0,0.0,0,0.0
14:50:52.697427,173,73333,21874,24044,90890,86166,99374,-0.391,0.453,0.764,61.0,0.0,0,0.0
14:50:52.701500,174,73335,21874,24044,90892,86168,99373,-0.391,0.453,0.765,61.0,0.0,0,0.0
14:50:52.705188,175,73314,21876,24045,90860,86131,99334,-0.391,0.452,0.766,61.0,0.0,0,0.0
14:50:52.709621,176,73723,21830,24018,91471,86877,100119,-0.389,0.454,0.774,61.0,0.0,0,0.0
14:50:52.712782,177,73109,21918,24105,90664,85955,99021,-0.395,0.456,0.775,61.0,0.0,0,0.0
14:50:52.895881,178,68058,22022,24239,84601,80687,93128,-0.382,0.422,0.759,61.0,0.0,0,0.0
14:50:52.898746,179,64741,21996,24314,80622,77283,89257,-0.396,0.411,0.755,61.0,648.1,25,0.0
14:50:52.901363,180,66465,22039,24272,82709,79326,91683,-0.393,0.424,0.759,61.0,0.0,0,0.0
14:50:52.904665,181,71685,21732,23918,89495,85592,98677,-0.392,0.449,0.774,61.0,0.0,0,0.0
14:50:52.907493,182,73470,21721,23934,91553,87201,100368,-0.390,0.455,0.762,61.0,0.0,0,0.0
14:50:53.096045,183,73342,21730,23935,91391,87056,100212,-0.391,0.453,0.764,61.0,0.0,0,0.0
14:50:53.098692,184,72899,21748,23947,90834,86546,99662,-0.392,0.455,0.765,61.0,0.0,0,0.0
14:50:53.102409,185,71541,21770,23965,89281,85203,98163,-0.393,0.450,0.763,61.0,0.0,0,0.0
14:50:53.104998,186,69692,21825,24036,87121,83405,96141,-0.394,0.440,0.764,61.0,327.4,25,0.0
14:50:53.107859,187,69471,21820,24031,86887,83271,96017,-0.394,0.438,0.761,61.0,0.0,0,0.0
14:50:53.295836,188,70469,21764,23965,88149,84436,97315,-0.395,0.445,0.765,61.0,0.0,0,0.0
14:50:53.298781,189,70600,21746,23948,88348,84629,97514,-0.390,0.445,0.766,61.0,0.0,0,0.0
14:50:53.303023,190,70858,21733,23935,88662,84902,97825,-0.394,0.445,0.767,61.0,0.0,0,0.0
14:50:53.307253,191,70863,21735,23939,88662,84898,97816,-0.393,0.447,0.767,61.0,0.0,0,0.0
14:50:53.311699,192,70794,21747,23947,88552,84786,97695,-0.394,0.446,0.766,61.0,0.0,0,0.0
14:50:53.496503,193,70734,21753,23952,88462,84706,97605,-0.394,0.444,0.766,61.0,0.0,0,0.0
14:50:53.499735,194,70728,21755,23952,88464,84709,97608,-0.394,0.445,0.765,62.0,0.0,0,0.0
14:50:53.502642,195,70786,21745,23947,88544,84782,97694,-0.393,0.446,0.766,62.0,0.0,0,0.0
14:50:53.505011,196,70815,21740,23941,88595,84835,97746,-0.394,0.445,0.766,62.0,0.0,0,0.0
14:50:53.508161,197,70820,21740,23941,88595,84829,97743,-0.394,0.445,0.766,62.0,0.0,0,0.0
14:50:53.697882,198,70780,21745,23945,88540,84779,97682,-0.393,0.447,0.767,62.0,0.0,0,0.0
14:50:53.702752,199,70748,21750,23949,88494,84736,97638,-0.393,0.447,0.767,62.0,0.0,0,0.0
14:50:53.707597,200,70745,21750,23952,88490,84730,97632,-0.393,0.444,0.766,62.0,0.0,0,0.0
14:50:53.710224,201,70773,21746,23948,88526,84761,97672,-0.393,0.447,0.766,62.0,0.0,0,0.0
14:50:53.713587,202,70802,21741,23939,88574,84810,97719,-0.393,0.445,0.766,62.0,0.0,0,0.0
14:50:53.895597,203,70809,21743,23941,88584,84819,97728,-0.394,0.445,0.768,62.0,0.0,0,0.0
14:50:53.898367,204,70793,21744,23942,88559,84800,97706,-0.394,0.447,0.766,62.0,571.3,25,0.0
14:50:53.901045,205,70792,21744,23946,88556,84793,97703,-0.393,0.445,0.768,62.0,0.0,0,0.0
14:50:53.903938,206,70795,21746,23943,88559,84794,97706,-0.394,0.445,0.766,62.0,0.0,0,0.0
14:50:53.907020,207,70791,21742,23946,88558,84796,97707,-0.393,0.445,0.769,62.0,0.0,0,0.0
14:50:54.095031,208,70790,21744,23944,88556,84792,97700,-0.393,0.447,0.767,62.0,0.0,0,0.0
14:50:54.097835,209,70779,21746,23944,88540,84780,97688,-0.394,0.446,0.766,62.0,0.0,0,0.0
14:50:54.100929,210,70775,21745,23946,88532,84774,97682,-0.394,0.446,0.768,62.0,0.0,0,0.0
14:50:54.103795,211,70780,21743,23943,88540,84781,97688,-0.392,0.446,0.765,62.0,0.0,0,0.0
14:50:54.107346,212,70794,21744,23944,88560,84801,97713,-0.391,0.447,0.767,62.0,0.0,0,0.0
14:50:54.295733,213,70807,21742,23939,88578,84819,97727,-0.391,0.446,0.769,62.0,0.0,0,0.0
14:50:54.299032,214,70809,21740,23941,88582,84813,97725,-0.390,0.446,0.767,63.0,504.1,50,0.0
14:50:54.302323,215,70801,21741,23944,88574,84807,97718,-0.389,0.449,0.767,63.0,0.0,0,0.0
14:50:54.305250,216,70795,21743,23942,88558,84793,97707,-0.394,0.447,0.768,63.0,0.0,0,0.0
14:50:54.308758,217,70790,21743,23941,88549,84791,97702,-0.393,0.445,0.766,63.0,0.0,0,0.0
14:50:54.497647,218,70788,21745,23943,88552,84790,97695,-0.392,0.447,0.767,63.0,0.0,0,0.0
14:50:54.502786,219,70792,21743,23942,88555,84795,97704,-0.393,0.446,0.764,63.0,0.0,0,0.0
14:50:54.507003,220,70796,21740,23940,88563,84796,97708,-0.393,0.446,0.769,63.0,0.0,0,0.0
14:50:54.509093,221,70803,21745,23944,88569,84810,97712,-0.393,0.445,0.768,63.0,0.0,0,0.0
14:50:54.511884,222,70805,21744,23942,88574,84814,97722,-0.393,0.448,0.767,63.0,0.0,0,0.0
14:50:54.697150,223,70811,21742,23942,88581,84814,97727,-0.393,0.448,0.769,63.0,316.2,25,0.0
14:50:54.701481,224,70809,21743,23942,88583,84814,97728,-0.394,0.446,0.768,63.0,0.0,0,0.0
14:50:54.706635,225,70809,21740,23941,88577,84809,97721,-0.393,0.447,0.766,63.0,0.0,0,0.0
14:50:54.709277,226,70803,21744,23943,88567,84804,97714,-0.393,0.444,0.766,63.0,0.0,0,0.0
14:50:54.711530,227,70797,21740,23945,88564,84796,97713,-0.393,0.446,0.766,63.0,0.0,0,0.0
14:50:54.895330,228,70802,21742,23943,88567,84801,97713,-0.390,0.445,0.767,63.0,0.0,0,0.0
14:50:54.898133,229,70809,21742,23943,88574,84805,97718,-0.391,0.447,0.769,63.0,0.0,0,0.0
14:50:54.903449,230,70813,21741,23944,88583,84814,97728,-0.391,0.446,0.768,63.0,0.0,0,0.0
14:50:54.908501,231,70814,21742,23942,88585,84820,97734,-0.391,0.446,0.768,63.0,0.0,0,0.0
14:50:54.910555,232,70819,21745,23941,88592,84823,97737,-0.392,0.448,0.768,63.0,390.5,25,0.0
14:50:55.094515,233,70814,21741,23943,88584,84818,97734,-0.392,0.447,0.768,63.0,0.0,0,0.0
14:50:55.097191,234,70813,21743,23943,88583,84815,97723,-0.391,0.446,0.768,64.0,0.0,0,0.0
14:50:55.100024,235,70806,21741,23941,88577,84806,97715,-0.391,0.447,0.769,64.0,0.0,0,0.0
14:50:55.104229,236,70805,21741,23941,88573,84807,97721,-0.393,0.447,0.767,64.0,0.0,0,0.0
14:50:55.107033,237,70807,21741,23941,88573,84807,97722,-0.393,0.446,0.767,64.0,0.0,0,0.0
14:50:55.295833,238,70806,21742,23940,88574,84810,97721,-0.393,0.447,0.766,64.0,0.0,0,0.0
14:50:55.298644,239,70805,21740,23941,88580,84817,97726,-0.392,0.447,0.767,64.0,0.0,0,0.0
14:50:55.302066,240,70810,21739,23942,88581,84819,97738,-0.393,0.448,0.767,64.0,0.0,0,0.0
14:50:55.304752,241,70815,21740,23941,88587,84819,97736,-0.393,0.447,0.765,64.0,0.0,0,0.0
14:50:55.307919,242,70816,21739,23941,88591,84820,97734,-0.394,0.447,0.768,64.0,0.0,0,0.0
14:50:55.497469,243,70806,21738,23938,88578,84816,97727,-0.393,0.447,0.767,64.0,0.0,0,0.0
14:50:55.505228,244,70804,21738,23941,88575,84808,97727,-0.392,0.447,0.767,64.0,0.0,0,0.0
14:50:55.507845,245,70800,21739,23940,88572,84812,97723,-0.393,0.445,0.767,64.0,0.0,0,0.0
14:50:55.511246,246,70800,21739,23941,88572,84805,97722,-0.393,0.447,0.766,64.0,0.0,0,0.0
14:50:55.513476,247,70801,21737,23938,88573,84813,97723,-0.393,0.446,0.768,64.0,0.0,0,0.0
14:50:55.695251,248,70804,21738,23941,88577,84815,97733,-0.394,0.445,0.765,64.0,0.0,0,0.0
14:50:55.698595,249,70804,21739,23938,88580,84817,97729,-0.393,0.447,0.769,64.0,0.0,0,0.0
14:50:55.701957,250,70803,21736,23938,88581,84820,97735,-0.393,0.446,0.766,64.0,0.0,0,0.0
14:50:55.706214,251,70807,21737,23937,88583,84824,97733,-0.393,0.447,0.766,64.0,0.0,0,0.0
14:50:55.709953,252,70807,21739,23936,88582,84817,97732,-0.393,0.446,0.769,64.0,0.0,0,0.0
14:50:55.894028,253,70802,21737,23936,88578,84810,97724,-0.392,0.445,0.767,64.0,0.0,0,0.0
14:50:55.896620,254,70798,21738,23938,88569,84811,97727,-0.392,0.447,0.766,65.0,0.0,0,0.0
14:50:55.899902,255,70797,21738,23938,88573,84810,97724,-0.392,0.447,0.767,65.0,0.0,0,0.0
14:50:55.902618,256,70801,21738,23936,88572,84815,97731,-0.393,0.446,0.765,65.0,0.0,0,0.0
14:50:55.905693,257,70807,21736,23934,88581,84815,97727,-0.392,0.447,0.767,65.0,0.0,0,0.0
14:50:56.094721,258,70804,21736,23937,88580,84820,97736,-0.394,0.444,0.766,65.0,0.0,0,0.0
14:50:56.098714,259,70808,21735,23939,88585,84819,97734,-0.394,0.447,0.768,65.0,0.0,0,0.0
14:50:56.101820,260,70805,21734,23938,88584,84820,97735,-0.394,0.446,0.768,65.0,0.0,0,0.0
14:50:56.104914,261,70803,21736,23936,88579,84817,97728,-0.393,0.447,0.766,65.0,0.0,0,0.0
14:50:56.106942,262,70804,21736,23936,88577,84815,97727,-0.394,0.444,0.764,65.0,0.0,0,0.0
14:50:56.295327,263,70805,21739,23935,88574,84812,97721,-0.394,0.446,0.765,65.0,0.0,0,0.0
14:50:56.299375,264,70803,21738,23937,88578,84813,97724,-0.394,0.444,0.767,65.0,0.0,0,0.0
14:50:56.303447,265,70805,21735,23938,88577,84814,97731,-0.394,0.446,0.766,65.0,0.0,0,0.0
14:50:56.307798,266,70806,21737,23938,88583,84820,97734,-0.394,0.447,0.767,65.0,0.0,0,0.0
14:50:56.310216,267,70810,21736,23939,88588,84820,97739,-0.394,0.446,0.766,65.0,0.0,0,0.0
14:50:56.493970,268,70809,21734,23938,88587,84821,97738,-0.393,0.448,0.765,65.0,918.2,25,0.0
14:50:56.496777,269,70807,21733,23936,88587,84820,97733,-0.395,0.446,0.767,66.0,0.0,0,0.0
14:50:56.499484,270,70808,21735,23937,88586,84819,97731,-0.393,0.447,0.767,66.0,0.0,0,0.0
14:50:56.503294,271,70806,21736,23938,88582,84822,97733,-0.394,0.446,0.766,66.0,0.0,0,0.0
14:50:56.505676,272,70803,21737,23934,88581,84820,97730,-0.393,0.446,0.766,66.0,0.0,0,0.0
14:50:56.693382,273,70801,21733,23935,88577,84813,97733,-0.395,0.444,0.766,66.0,0.0,0,0.0
14:50:56.695970,274,70803,21735,23936,88582,84820,97733,-0.394,0.447,0.768,66.0,0.0,0,0.0
14:50:56.698604,275,70806,21735,23937,88584,84822,97740,-0.393,0.445,0.766,66.0,0.0,0,0.0
14:50:56.702331,276,70806,21733,23937,88584,84825,97738,-0.394,0.446,0.767,66.0,0.0,0,0.0
14:50:56.705740,277,70812,21734,23935,88588,84824,97738,-0.394,0.447,0.765,66.0,0.0,0,0.0
14:50:56.893322,278,70810,21735,23934,88588,84824,97734,-0.392,0.446,0.767,66.0,0.0,0,0.0
14:50:56.896101,279,70806,21735,23934,88583,84822,97734,-0.394,0.445,0.766,67.0,0.0,0,0.0
14:50:56.900394,280,70805,21735,23934,88577,84819,97730,-0.393,0.446,0.766,67.0,0.0,0,0.0
14:50:56.904583,281,70806,21735,23935,88581,84821,97737,-0.394,0.446,0.766,67.0,0.0,0,0.0
14:50:56.906706,282,70809,21733,23933,88583,84821,97739,-0.394,0.445,0.766,67.0,0.0,0,0.0
14:50:57.092865,283,70807,21734,23937,88586,84824,97739,-0.394,0.447,0.765,67.0,0.0,0,0.0
14:50:57.096636,284,70810,21735,23934,88588,84828,97742,-0.394,0.446,0.767,67.0,0.0,0,0.0
14:50:57.101058,285,70810,21732,23934,88592,84822,97744,-0.395,0.445,0.767,67.0,0.0,0,0.0
14:50:57.105315,286,70810,21732,23934,88587,84824,97738,-0.394,0.445,0.765,67.0,0.0,0,0.0
14:50:57.108765,287,70810,21732,23932,88588,84825,97738,-0.393,0.446,0.764,67.0,0.0,0,0.0
14:50:57.294554,288,70807,21732,23932,88586,84819,97735,-0.393,0.446,0.765,67.0,0.0,0,0.0
14:50:57.297590,289,70807,21735,23936,88582,84821,97738,-0.394,0.447,0.766,68.0,0.0,0,0.0
14:50:57.300404,290,70806,21733,23934,88582,84820,97734,-0.394,0.447,0.765,68.0,0.0,0,0.0
14:50:57.304211,291,70808,21734,23934,88588,84825,97734,-0.394,0.444,0.766,68.0,0.0,0,0.0
14:50:57.306947,292,70811,21735,23934,88584,84826,97739,-0.394,0.446,0.767,68.0,0.0,0,0.0
14:50:57.492877,293,70808,21733,23934,88588,84823,97741,-0.393,0.446,0.767,68.0,0.0,0,0.0
14:50:57.497883,294,70809,21733,23933,88585,84822,97738,-0.393,0.446,0.765,68.0,0.0,0,0.0
14:50:57.501561,295,70808,21733,23932,88583,84825,97735,-0.395,0.445,0.766,68.0,0.0,0,0.0
14:50:57.504570,296,70811,21733,23930,88591,84824,97736,-0.393,0.446,0.768,68.0,0.0,0,0.0
14:50:57.506866,297,70808,21733,23934,88586,84822,97740,-0.395,0.445,0.767,68.0,0.0,0,0.0
14:50:57.692973,298,70802,21734,23932,88582,84821,97735,-0.394,0.447,0.765,68.0,0.0,0,0.0
14:50:57.695772,299,70807,21732,23934,88588,84820,97736,-0.393,0.447,0.768,68.0,0.0,0,0.0
14:50:57.698761,300,70805,21732,23935,88588,84824,97741,-0.394,0.444,0.765,68.0,0.0,0,0.0
14:50:57.703088,301,70807,21732,23932,88585,84825,97737,-0.393,0.448,0.767,68.0,0.0,0,0.0
14:50:57.708170,302,70807,21732,23935,88585,84823,97737,-0.393,0.446,0.767,68.0,0.0,0,0.0
14:50:57.892327,303,70806,21730,23936,88585,84824,97740,-0.393,0.445,0.766,68.0,0.0,0,0.0
14:50:57.895126,304,70812,21732,23930,88588,84821,97738,-0.394,0.446,0.765,68.0,0.0,0,0.0
14:50:57.898205,305,70808,21731,23932,88588,84827,97740,-0.394,0.444,0.766,68.0,0.0,0,0.0
14:50:57.900726,306,70807,21730,23932,88587,84820,97735,-0.394,0.447,0.767,68.0,0.0,0,0.0
14:50:57.903544,307,70810,21731,23935,88587,84817,97735,-0.393,0.446,0.768,68.0,0.0,0,0.0
14:50:58.092177,308,70803,21729,23931,88586,84826,97736,-0.394,0.445,0.767,68.0,0.0,0,0.0
14:50:58.095197,309,70806,21730,23930,88580,84821,97740,-0.394,0.447,0.767,69.0,0.0,0,0.0
14:50:58.098178,310,70807,21732,23932,88585,84824,97742,-0.394,0.447,0.766,69.0,0.0,0,0.0
14:50:58.100712,311,70810,21729,23930,88590,84823,97741,-0.393,0.445,0.766,69.0,0.0,0,0.0
14:50:58.103170,312,70808,21729,23928,88590,84824,97741,-0.394,0.444,0.769,69.0,0.0,0,0.0
14:50:58.296129,313,70809,21733,23931,88590,84825,97744,-0.394,0.445,0.767,69.0,0.0,0,0.0
14:50:58.299948,314,70807,21731,23929,88584,84825,97742,-0.393,0.444,0.765,69.0,0.0,0,0.0
14:50:58.303058,315,70807,21729,23929,88586,84821,97735,-0.394,0.445,0.766,69.0,0.0,0,0.0
14:50:58.305869,316,70806,21731,23931,88586,84826,97737,-0.394,0.446,0.766,69.0,0.0,0,0.0
14:50:58.308711,317,70808,21729,23931,88586,84822,97741,-0.394,0.445,0.765,69.0,2456.1,10,0.0
14:50:58.492710,318,70810,21730,23930,88586,84821,97740,-0.395,0.447,0.767,69.0,0.0,0,0.0
14:50:58.495866,319,70810,21729,23930,88586,84825,97740,-0.394,0.446,0.767,69.0,0.0,0,0.0
14:50:58.498236,320,70809,21729,23929,88587,84826,97738,-0.394,0.446,0.767,69.0,0.0,0,0.0
14:50:58.501592,321,70807,21727,23930,88586,84824,97737,-0.393,0.447,0.766,69.0,0.0,0,0.0
14:50:58.504148,322,70811,21729,23930,88589,84823,97741,-0.394,0.446,0.767,69.0,0.0,0,0.0
14:50:58.692217,323,70806,21728,23934,88583,84826,97744,-0.394,0.445,0.768,69.0,0.0,0,0.0
14:50:58.696199,324,70808,21727,23931,88587,84821,97739,-0.394,0.446,0.766,69.0,0.0,0,0.0
14:50:58.700490,325,70808,21729,23934,88590,84826,97742,-0.394,0.447,0.765,69.0,0.0,0,0.0
14:50:58.704647,326,70807,21727,23931,88587,84822,97741,-0.394,0.446,0.766,69.0,384.1,25,0.0
14:50:58.717749,327,70809,21727,23928,88591,84824,97741,-0.393,0.449,0.767,69.0,0.0,0,0.0
14:50:58.891790,328,70810,21729,23932,88593,84825,97744,-0.394,0.446,0.765,69.0,0.0,0,0.0
14:50:58.896906,329,70811,21726,23931,88590,84828,97743,-0.394,0.447,0.766,69.0,0.0,0,0.0
14:50:58.900316,330,70811,21731,23933,88587,84830,97747,-0.393,0.444,0.766,69.0,0.0,0,0.0
14:50:58.903277,331,70809,21729,23929,88592,84824,97740,-0.394,0.447,0.765,69.0,0.0,0,0.0
14:50:58.905155,332,70807,21729,23932,88590,84824,97750,-0.395,0.445,0.766,69.0,0.0,0,0.0
14:50:59.092459,333,70813,21729,23931,88591,84826,97746,-0.394,0.446,0.766,69.0,0.0,0,0.0
14:50:59.096184,334,70808,21728,23928,88589,84825,97743,-0.394,0.444,0.768,69.0,0.0,0,0.0
14:50:59.098749,335,70814,21729,23929,88593,84827,97743,-0.394,0.445,0.765,69.0,0.0,0,0.0
14:50:59.101539,336,70809,21727,23928,88589,84826,97742,-0.394,0.446,0.766,69.0,0.0,0,0.0
14:50:59.104530,337,70807,21728,23929,88588,84829,97743,-0.393,0.447,0.768,69.0,0.0,0,0.0
14:50:59.293928,338,70811,21730,23932,88589,84829,97746,-0.393,0.447,0.766,69.0,0.0,0,0.0
14:50:59.297031,339,70809,21729,23931,88587,84827,97746,-0.393,0.445,0.768,69.0,0.0,0,0.0
14:50:59.299732,340,70809,21727,23929,88592,84829,97743,-0.393,0.448,0.768,69.0,0.0,0,0.0
14:50:59.305490,341,70808,21729,23928,88591,84825,97742,-0.393,0.447,0.766,69.0,0.0,0,0.0
14:50:59.309121,342,70809,21729,23929,88589,84828,97739,-0.394,0.445,0.766,69.0,0.0,0,0.0
14:50:59.492048,343,70810,21730,23928,88591,84826,97747,-0.394,0.449,0.768,69.0,667.3,25,0.0
14:50:59.494741,344,70808,21728,23932,88591,84825,97744,-0.393,0.447,0.767,69.0,0.0,0,0.0
14:50:59.498224,345,70812,21728,23930,88596,84826,97744,-0.394,0.448,0.766,69.0,0.0,0,0.0
14:50:59.500693,346,70812,21727,23931,88591,84828,97747,-0.393,0.445,0.766,69.0,0.0,0,0.0
14:50:59.503995,347,70814,21727,23930,88594,84830,97743,-0.394,0.445,0.768,69.0,0.0,0,0.0
14:50:59.691173,348,70810,21728,23927,88590,84830,97748,-0.393,0.447,0.768,69.0,0.0,0,0.0
14:50:59.693940,349,70812,21727,23928,88594,84823,97748,-0.393,0.447,0.769,69.0,0.0,0,0.0
14:50:59.697666,350,70809,21727,23927,88590,84821,97743,-0.393,0.447,0.767,69.0,0.0,0,0.0
14:50:59.702321,351,70812,21728,23930,88591,84828,97747,-0.393,0.446,0.768,69.0,0.0,0,0.0
14:50:59.705399,352,70813,21726,23927,88591,84830,97740,-0.394,0.447,0.767,69.0,0.0,0,0.0
14:50:59.891852,353,70809,21725,23927,88591,84826,97744,-0.394,0.447,0.766,69.0,362.2,25,0.0
14:50:59.895927,354,70810,21726,23930,88588,84826,97747,-0.394,0.444,0.766,69.0,0.0,0,0.0
14:50:59.899010,355,70813,21727,23929,88593,84824,97749,-0.394,0.446,0.768,69.0,0.0,0,0.0
14:50:59.902027,356,70809,21727,23926,88589,84831,97747,-0.394,0.447,0.766,69.0,0.0,0,0.0
14:50:59.904863,357,70812,21727,23928,88592,84831,97747,-0.394,0.447,0.766,69.0,0.0,0,0.0
14:51:00.091828,358,70812,21727,23928,88591,84828,97747,-0.394,0.445,0.765,69.0,0.0,0,0.0
14:51:00.094685,359,70807,21727,23931,88592,84825,97748,-0.394,0.444,0.764,69.0,0.0,0,0.0
14:51:00.097075,360,70809,21725,23930,88589,84826,97748,-0.394,0.447,0.766,69.0,0.0,0,0.0
14:51:00.099758,361,70817,21724,23929,88595,84829,97746,-0.394,0.445,0.766,69.0,406.2,50,0.0
14:51:00.103087,362,70814,21727,23927,88592,84830,97746,-0.394,0.446,0.764,69.0,0.0,0,0.0
14:51:00.293165,363,70814,21727,23928,88591,84825,97746,-0.394,0.447,0.767,69.0,0.0,0,0.0
14:51:00.295848,364,70813,21726,23929,88594,84827,97744,-0.395,0.445,0.768,70.0,0.0,0,0.0
14:51:00.299298,365,70813,21727,23928,88592,84829,97747,-0.394,0.444,0.765,70.0,0.0,0,0.0
14:51:00.302061,366,70813,21727,23927,88592,84825,97745,-0.394,0.446,0.765,70.0,0.0,0,0.0
14:51:00.304730,367,70812,21725,23926,88592,84828,97747,-0.395,0.444,0.765,70.0,0.0,0,0.0
14:51:00.491585,368,70808,21724,23926,88592,84826,97747,-0.393,0.447,0.766,70.0,0.0,0,0.0
14:51:00.494500,369,70808,21725,23927,88590,84827,97744,-0.394,0.446,0.764,71.0,277.0,25,0.0
14:51:00.498422,370,70810,21723,23927,88589,84832,97748,-0.394,0.448,0.768,71.0,0.0,0,0.0
14:51:00.501853,371,70815,21725,23927,88592,84830,97750,-0.394,0.447,0.766,71.0,0.0,0,0.0
14:51:00.505330,372,70811,21724,23928,88593,84830,97747,-0.394,0.447,0.764,71.0,0.0,0,0.0
14:51:00.690712,373,70813,21725,23929,88591,84830,97747,-0.394,0.445,0.766,71.0,0.0,0,0.0
14:51:00.693950,374,70815,21725,23928,88593,84831,97747,-0.395,0.444,0.766,72.0,0.0,0,0.0
14:51:00.696494,375,70810,21725,23925,88592,84832,97743,-0.394,0.445,0.767,72.0,0.0,0,0.0
14:51:00.700041,376,70812,21724,23923,88592,84829,97743,-0.395,0.446,0.765,72.0,305.4,50,0.0
14:51:00.703215,377,70811,21723,23924,88594,84828,97747,-0.394,0.447,0.766,72.0,0.0,0,0.0
14:51:00.892142,378,70813,21724,23926,88594,84828,97747,-0.394,0.446,0.766,72.0,0.0,0,0.0
14:51:00.895643,379,70811,21725,23927,88595,84828,97748,-0.393,0.448,0.767,72.0,0.0,0,0.0
14:51:00.898709,380,70811,21724,23925,88589,84831,97747,-0.394,0.447,0.767,72.0,0.0,0,0.0
14:51:00.901542,381,70813,21725,23927,88593,84829,97751,-0.394,0.447,0.769,72.0,0.0,0,0.0
14:51:00.904497,382,70812,21723,23929,88591,84832,97750,-0.393,0.447,0.767,72.0,0.0,0,0.0
14:51:01.092392,383,70813,21726,23927,88592,84833,97749,-0.394,0.445,0.767,72.0,0.0,0,0.0
14:51:01.095858,384,70813,21726,23927,88592,84836,97746,-0.394,0.447,0.766,73.0,0.0,0,0.0
14:51:01.098797,385,70817,21726,23927,88594,84832,97750,-0.394,0.445,0.767,73.0,0.0,0,0.0
14:51:01.102310,386,70815,21724,23926,88594,84830,97748,-0.394,0.444,0.767,73.0,0.0,0,0.0
14:51:01.104660,387,70812,21723,23924,88591,84832,97745,-0.394,0.446,0.767,73.0,0.0,0,0.0
14:51:01.292123,388,70815,21722,23924,88595,84831,97749,-0.393,0.446,0.766,73.0,0.0,0,0.0
14:51:01.295495,389,70812,21722,23927,88595,84833,97750,-0.394,0.445,0.766,74.0,0.0,0,0.0
14:51:01.298964,390,70813,21723,23925,88592,84829,97751,-0.395,0.446,0.766,74.0,0.0,0,0.0
14:51:01.301923,391,70814,21724,23927,88596,84833,97748,-0.393,0.447,0.764,74.0,0.0,0,0.0
14:51:01.305131,392,70817,21725,23925,88599,84831,97754,-0.395,0.446,0.768,74.0,551.2,25,0.0
14:51:01.490852,393,70815,21724,23927,88595,84834,97748,-0.393,0.447,0.766,74.0,0.0,0,0.0
14:51:01.494066,394,70812,21723,23926,88596,84835,97752,-0.395,0.445,0.763,76.0,0.0,0,0.0
14:51:01.497788,395,70812,21724,23927,88593,84831,97753,-0.394,0.446,0.767,76.0,0.0,0,0.0
14:51:01.500814,396,70814,21723,23927,88596,84833,97754,-0.394,0.446,0.766,76.0,0.0,0,0.0
14:51:01.502962,397,70815,21724,23924,88598,84834,97751,-0.393,0.448,0.765,76.0,0.0,0,0.0
14:51:01.690385,398,70812,21722,23924,88600,84830,97751,-0.393,0.446,0.768,76.0,0.0,0,0.0
14:51:01.694386,399,70814,21724,23926,88597,84833,97756,-0.394,0.445,0.767,77.0,0.0,0,0.0
14:51:01.697535,400,70813,21723,23924,88595,84833,97753,-0.394,0.446,0.766,77.0,0.0,0,0.0
14:51:01.701184,401,70813,21723,23922,88597,84832,97747,-0.394,0.445,0.768,77.0,0.0,0,0.0
14:51:01.704536,402,70817,21725,23924,88598,84834,97750,-0.393,0.446,0.767,77.0,0.0,0,0.0
14:51:01.889853,403,70816,21724,23923,88599,84835,97751,-0.394,0.446,0.766,77.0,0.0,0,0.0
14:51:01.892500,404,70812,21722,23924,88595,84831,97749,-0.394,0.447,0.766,78.0,0.0,0,0.0
14:51:01.895404,405,70815,21723,23925,88598,84831,97753,-0.394,0.445,0.766,78.0,0.0,0,0.0
14:51:01.898268,406,70815,21722,23925,88595,84833,97752,-0.394,0.447,0.768,78.0,0.0,0,0.0
14:51:01.901493,407,70814,21721,23925,88596,84831,97754,-0.394,0.447,0.766,78.0,549.3,50,0.0
14:51:02.089532,408,70816,21723,23922,88592,84831,97754,-0.394,0.445,0.766,78.0,0.0,0,0.0
14:51:02.093023,409,70815,21722,23924,88598,84833,97746,-0.394,0.446,0.767,79.0,0.0,0,0.0
14:51:02.095677,410,70814,21722,23924,88595,84832,97753,-0.393,0.449,0.766,79.0,0.0,0,0.0
14:51:02.098726,411,70813,21722,23925,88595,84836,97751,-0.392,0.447,0.767,79.0,0.0,0,0.0
14:51:02.101506,412,70815,21720,23924,88598,84832,97752,-0.394,0.447,0.766,79.0,0.0,0,0.0
14:51:02.293718,413,70816,21722,23924,88599,84831,97751,-0.393,0.446,0.766,79.0,0.0,0,0.0
14:51:02.298817,414,70815,21722,23922,88598,84836,97754,-0.394,0.447,0.766,79.0,0.0,0,0.0
14:51:02.301335,415,70813,21721,23923,88594,84833,97750,-0.393,0.446,0.769,79.0,0.0,0,0.0
14:51:02.305006,416,70817,21722,23924,88598,84840,97754,-0.394,0.447,0.767,79.0,0.0,0,0.0
14:51:02.311714,417,70816,21722,23925,88599,84836,97751,-0.392,0.445,0.766,79.0,0.0,0,0.0
14:51:02.695616,418,70816,21721,23925,88599,84833,97755,-0.394,0.445,0.765,79.0,0.0,0,0.0
14:51:02.698564,419,70818,21722,23922,88600,84835,97756,-0.395,0.447,0.766,80.0,0.0,0,0.0
14:51:02.703273,420,70814,21723,23924,88593,84837,97753,-0.394,0.446,0.765,80.0,0.0,0,0.0
14:51:02.708882,421,70815,21722,23924,88596,84839,97755,-0.395,0.447,0.767,80.0,0.0,0,0.0
14:51:02.714463,422,70815,21721,23923,88597,84839,97753,-0.394,0.446,0.766,80.0,713.0,100,0.0
14:51:02.717308,423,70816,21721,23923,88600,84840,97748,-0.393,0.447,0.766,80.0,0.0,0,0.0
14:51:02.720447,424,70816,21722,23922,88600,84834,97753,-0.394,0.445,0.767,80.0,0.0,0,0.0
14:51:02.722578,425,70814,21720,23922,88595,84831,97753,-0.394,0.447,0.765,80.0,0.0,0,0.0
14:51:02.724736,426,70812,21721,23922,88596,84832,97755,-0.393,0.446,0.767,80.0,0.0,0,0.0
14:51:02.728654,427,70815,21720,23925,88598,84836,97757,-0.394,0.447,0.768,80.0,0.0,0,0.0
14:51:02.890138,428,70816,21721,23922,88599,84835,97755,-0.394,0.446,0.765,80.0,0.0,0,0.0
14:51:02.894013,429,70814,21721,23923,88597,84835,97753,-0.395,0.445,0.766,81.0,0.0,0,0.0
14:51:02.896595,430,70818,21720,23924,88604,84834,97752,-0.394,0.446,0.767,81.0,0.0,0,0.0
14:51:02.899566,431,70816,21723,23923,88597,84835,97755,-0.394,0.445,0.765,81.0,0.0,0,0.0
14:51:02.902288,432,70818,21721,23921,88600,84834,97755,-0.393,0.447,0.766,81.0,0.0,0,0.0
14:51:03.294829,433,70812,21722,23921,88597,84834,97751,-0.394,0.447,0.766,81.0,0.0,0,0.0
14:51:03.299631,434,70816,21722,23925,88598,84837,97754,-0.393,0.446,0.768,81.0,0.0,0,0.0
14:51:03.304285,435,70816,21719,23922,88601,84835,97755,-0.394,0.444,0.763,81.0,490.8,25,0.0
14:51:03.309712,436,70821,21722,23923,88601,84835,97754,-0.394,0.445,0.766,81.0,0.0,0,0.0
14:51:03.315152,437,70812,21722,23923,88597,84837,97757,-0.394,0.445,0.765,81.0,0.0,0,0.0
14:51:03.320889,438,70815,21721,23921,88596,84835,97756,-0.393,0.445,0.766,81.0,0.0,0,0.0
14:51:03.325597,439,70817,21720,23919,88602,84834,97750,-0.394,0.444,0.764,81.0,0.0,0,0.0
14:51:03.327995,440,70820,21720,23922,88598,84833,97752,-0.394,0.446,0.766,81.0,0.0,0,0.0
14:51:03.332400,441,70815,21719,23921,88599,84833,97749,-0.394,0.446,0.766,81.0,346.2,25,0.0
14:51:03.336615,442,70814,21720,23921,88597,84833,97753,-0.394,0.445,0.765,81.0,0.0,0,0.0
14:51:03.695229,443,70818,21720,23923,88596,84835,97756,-0.394,0.444,0.764,81.0,0.0,0,0.0
14:51:03.698880,444,70813,21719,23923,88597,84835,97750,-0.393,0.446,0.766,81.0,0.0,0,0.0
14:51:03.701866,445,70817,21719,23924,88600,84834,97752,-0.394,0.444,0.765,81.0,0.0,0,0.0
14:51:03.705395,446,70820,21719,23923,88603,84834,97756,-0.395,0.446,0.764,81.0,0.0,0,0.0
14:51:03.708778,447,70816,21722,23921,88597,84839,97755,-0.394,0.444,0.765,81.0,0.0,0,0.0
14:51:03.711545,448,70818,21719,23919,88599,84832,97758,-0.394,0.445,0.767,81.0,0.0,0,0.0
14:51:03.715165,449,70820,21717,23920,88598,84837,97750,-0.394,0.446,0.763,81.0,0.0,0,0.0
14:51:03.718145,450,70814,21718,23922,88598,84838,97754,-0.394,0.445,0.765,81.0,0.0,0,0.0
14:51:03.722153,451,70817,21721,23920,88599,84832,97753,-0.394,0.446,0.766,81.0,0.0,0,0.0
14:51:03.725359,452,70819,21719,23919,88601,84838,97749,-0.394,0.446,0.767,81.0,0.0,0,0.0
14:51:04.106036,453,70817,21719,23920,88602,84834,97757,-0.393,0.444,0.765,81.0,0.0,0,0.0
14:51:04.119325,454,70815,21717,23920,88599,84834,97757,-0.394,0.444,0.766,81.0,0.0,0,0.0
14:51:04.129422,455,70815,21721,23919,88599,84840,97758,-0.394,0.446,0.765,81.0,0.0,0,0.0
14:51:04.138169,456,70817,21717,23918,88599,84832,97756,-0.395,0.445,0.765,81.0,0.0,0,0.0
14:51:04.142170,457,70815,21717,23921,88599,84833,97755,-0.394,0.445,0.766,81.0,0.0,0,0.0
14:51:04.145473,458,70811,21715,23918,88595,84832,97760,-0.394,0.446,0.767,81.0,0.0,0,0.0
14:51:04.149542,459,70815,21716,23922,88599,84833,97756,-0.393,0.445,0.766,81.0,0.0,0,0.0
14:51:04.154903,460,70819,21721,23920,88602,84837,97756,-0.394,0.445,0.765,81.0,0.0,0,0.0
14:51:04.160605,461,70816,21717,23919,88600,84833,97756,-0.394,0.446,0.765,81.0,0.0,0,0.0
14:51:04.166631,462,70814,21717,23919,88598,84836,97757,-0.393,0.446,0.766,81.0,689.7,25,0.0
14:51:04.493647,463,70818,21719,23920,88602,84831,97758,-0.394,0.447,0.767,81.0,0.0,0,0.0
14:51:04.498581,464,70816,21718,23921,88601,84835,97753,-0.394,0.445,0.765,81.0,0.0,0,0.0
14:51:04.503170,465,70816,21717,23918,88598,84836,97758,-0.393,0.446,0.768,81.0,0.0,0,0.0
14:51:04.506097,466,70821,21719,23919,88602,84838,97759,-0.394,0.445,0.767,81.0,0.0,0,0.0
14:51:04.508706,467,70818,21716,23920,88601,84839,97756,-0.394,0.446,0.767,81.0,0.0,0,0.0
14:51:04.512194,468,70814,21716,23919,88599,84838,97754,-0.394,0.446,0.766,81.0,0.0,0,0.0
14:51:04.515435,469,70813,21715,23921,88597,84835,97756,-0.394,0.445,0.766,81.0,0.0,0,0.0
14:51:04.518560,470,70815,21719,23918,88596,84835,97753,-0.393,0.446,0.766,81.0,0.0,0,0.0
14:51:04.520684,471,70818,21717,23917,88600,84839,97757,-0.393,0.446,0.765,81.0,0.0,0,0.0
14:51:04.522506,472,70819,21719,23917,88601,84841,97755,-0.393,0.446,0.766,81.0,0.0,0,0.0
14:51:04.892631,473,70816,21716,23920,88598,84835,97754,-0.394,0.447,0.766,81.0,0.0,0,0.0
14:51:04.896859,474,70820,21719,23920,88600,84834,97754,-0.395,0.446,0.767,80.0,561.8,50,0.0
14:51:04.901015,475,70814,21715,23921,88599,84837,97760,-0.394,0.448,0.767,80.0,0.0,0,0.0
14:51:04.906594,476,70816,21716,23917,88596,84837,97758,-0.395,0.446,0.768,80.0,0.0,0,0.0
14:51:04.913172,477,70817,21716,23921,88600,84838,97758,-0.394,0.446,0.766,80.0,0.0,0,0.0
14:51:04.919289,478,70817,21718,23918,88602,84839,97759,-0.394,0.445,0.765,80.0,0.0,0,0.0
14:51:04.922906,479,70818,21715,23919,88603,84837,97757,-0.394,0.446,0.766,80.0,0.0,0,0.0
14:51:04.927213,480,70816,21715,23917,88600,84836,97757,-0.394,0.445,0.766,80.0,0.0,0,0.0
14:51:04.931382,481,70815,21712,23916,88597,84834,97753,-0.395,0.446,0.765,80.0,0.0,0,0.0
14:51:04.935545,482,70817,21714,23918,88604,84835,97761,-0.394,0.446,0.766,80.0,0.0,0,0.0
14:51:05.293061,483,70816,21715,23921,88603,84835,97759,-0.393,0.446,0.767,80.0,0.0,0,0.0
14:51:05.297383,484,70820,21718,23918,88603,84836,97754,-0.395,0.445,0.766,80.0,0.0,0,0.0
14:51:05.301099,485,70817,21715,23919,88601,84838,97758,-0.393,0.448,0.767,80.0,0.0,0,0.0
14:51:05.305155,486,70819,21713,23916,88604,84834,97753,-0.394,0.447,0.766,80.0,509.0,100,0.0
14:51:05.308389,487,70818,21715,23918,88601,84835,97756,-0.394,0.446,0.767,80.0,0.0,0,0.0
14:51:05.311142,488,70818,21715,23919,88599,84837,97762,-0.394,0.446,0.767,80.0,0.0,0,0.0
14:51:05.314674,489,70815,21714,23919,88602,84833,97756,-0.394,0.447,0.766,80.0,0.0,0,0.0
14:51:05.317396,490,70817,21717,23918,88601,84837,97752,-0.394,0.447,0.767,80.0,0.0,0,0.0
14:51:05.319865,491,70818,21716,23918,88603,84838,97756,-0.394,0.445,0.765,80.0,0.0,0,0.0
14:51:05.322281,492,70817,21715,23918,88601,84835,97755,-0.395,0.445,0.765,80.0,0.0,0,0.0
14:51:05.692417,493,70818,21714,23917,88602,84834,97756,-0.393,0.446,0.766,80.0,0.0,0,0.0
14:51:05.694949,494,70813,21715,23918,88597,84835,97754,-0.395,0.446,0.765,80.0,0.0,0,0.0
14:51:05.698298,495,70818,21713,23916,88600,84835,97753,-0.395,0.444,0.767,80.0,366.5,25,0.0
14:51:05.700915,496,70817,21713,23918,88599,84833,97755,-0.395,0.445,0.767,80.0,0.0,0,0.0
14:51:05.705555,497,70818,21714,23917,88600,84839,97752,-0.394,0.446,0.767,80.0,0.0,0,0.0
14:51:05.710728,498,70815,21712,23918,88602,84837,97759,-0.394,0.446,0.767,80.0,0.0,0,0.0
14:51:05.716254,499,70816,21713,23916,88602,84839,97755,-0.393,0.447,0.766,80.0,0.0,0,0.0
14:51:05.721137,500,70817,21713,23917,88599,84835,97754,-0.393,0.447,0.765,80.0,0.0,0,0.0
14:51:05.723984,501,70818,21714,23915,88601,84834,97755,-0.393,0.446,0.765,80.0,0.0,0,0.0
14:51:05.729083,502,70817,21715,23915,88602,84837,97758,-0.394,0.446,0.766,80.0,0.0,0,0.0
14:51:06.093169,503,70820,21714,23913,88601,84838,97759,-0.394,0.447,0.766,80.0,0.0,0,0.0
14:51:06.095958,504,70816,21716,23916,88599,84837,97757,-0.393,0.446,0.766,80.0,0.0,0,0.0
14:51:06.098999,505,70820,21715,23919,88600,84840,97759,-0.393,0.446,0.766,80.0,0.0,0,0.0
14:51:06.105223,506,70814,21715,23916,88597,84837,97759,-0.394,0.446,0.766,80.0,0.0,0,0.0
14:51:06.109406,507,70813,21714,23914,88595,84837,97756,-0.393,0.447,0.765,80.0,0.0,0,0.0
14:51:06.112756,508,70814,21716,23916,88598,84842,97760,-0.394,0.444,0.765,80.0,0.0,0,0.0
14:51:06.116945,509,70819,21716,23917,88601,84839,97760,-0.395,0.446,0.767,80.0,0.0,0,0.0
14:51:06.122892,510,70817,21712,23914,88602,84835,97755,-0.394,0.446,0.763,80.0,590.1,25,0.0
14:51:06.126132,511,70819,21713,23919,88604,84838,97754,-0.395,0.446,0.767,80.0,0.0,0,0.0
14:51:06.129189,512,70813,21711,23915,88599,84837,97755,-0.393,0.446,0.766,80.0,0.0,0,0.0
14:51:06.494457,513,70818,21713,23915,88599,84838,97757,-0.394,0.446,0.765,80.0,0.0,0,0.0
14:51:06.498829,514,70814,21713,23914,88598,84839,97754,-0.394,0.447,0.767,80.0,0.0,0,0.0
14:51:06.505632,515,70820,21715,23915,88604,84837,97758,-0.393,0.447,0.767,80.0,0.0,0,0.0
14:51:06.510501,516,70818,21715,23914,88602,84837,97753,-0.394,0.447,0.766,80.0,0.0,0,0.0
14:51:06.515268,517,70814,21712,23915,88598,84837,97756,-0.394,0.446,0.765,80.0,0.0,0,0.0
14:51:06.519422,518,70817,21712,23915,88598,84839,97761,-0.395,0.446,0.767,80.0,0.0,0,0.0
14:51:06.522222,519,70815,21713,23916,88601,84835,97759,-0.394,0.445,0.766,81.0,0.0,0,0.0
14:51:06.524966,520,70817,21710,23915,88603,84841,97758,-0.394,0.444,0.766,81.0,0.0,0,0.0
14:51:06.527526,521,70816,21712,23915,88598,84836,97754,-0.394,0.444,0.765,81.0,0.0,0,0.0
14:51:06.529693,522,70815,21711,23915,88597,84834,97755,-0.394,0.446,0.765,81.0,465.7,25,0.0
14:51:06.894706,523,70816,21712,23916,88601,84836,97756,-0.395,0.447,0.766,81.0,0.0,0,0.0
14:51:06.900132,524,70816,21712,23915,88595,84837,97757,-0.394,0.445,0.766,81.0,0.0,0,0.0
14:51:06.903352,525,70817,21713,23915,88602,84840,97755,-0.393,0.446,0.767,81.0,0.0,0,0.0
14:51:06.909542,526,70817,21714,23914,88601,84836,97759,-0.394,0.446,0.767,81.0,0.0,0,0.0
14:51:06.924356,527,70813,21713,23917,88600,84836,97761,-0.395,0.446,0.766,81.0,0.0,0,0.0
14:51:06.928312,528,70815,21711,23913,88600,84836,97761,-0.394,0.447,0.766,81.0,0.0,0,0.0
14:51:06.934222,529,70815,21715,23914,88600,84839,97761,-0.394,0.447,0.765,81.0,0.0,0,0.0
14:51:06.937969,530,70819,21712,23916,88602,84838,97762,-0.393,0.446,0.766,81.0,0.0,0,0.0
14:51:06.942471,531,70818,21713,23914,88602,84836,97761,-0.394,0.445,0.765,81.0,0.0,0,0.0
14:51:06.949468,532,70817,21715,23916,88602,84840,97760,-0.395,0.446,0.766,81.0,0.0,0,0.0
14:51:07.291776,533,70818,21713,23914,88601,84838,97758,-0.393,0.446,0.766,81.0,472.4,25,0.0
14:51:07.294587,534,70816,21714,23911,88600,84840,97755,-0.395,0.446,0.769,81.0,0.0,0,0.0
14:51:07.297201,535,70817,21713,23914,88599,84838,97762,-0.393,0.448,0.767,81.0,0.0,0,0.0
14:51:07.300341,536,70813,21714,23915,88598,84837,97760,-0.394,0.447,0.768,81.0,0.0,0,0.0
14:51:07.302848,537,70813,21712,23913,88601,84836,97758,-0.394,0.447,0.766,81.0,0.0,0,0.0
14:51:07.306068,538,70814,21710,23911,88595,84837,97757,-0.395,0.446,0.764,81.0,0.0,0,0.0
14:51:07.308640,539,70817,21712,23915,88602,84837,97760,-0.393,0.447,0.765,81.0,0.0,0,0.0
14:51:07.311657,540,70820,21713,23915,88607,84841,97762,-0.394,0.445,0.765,81.0,0.0,0,0.0
14:51:07.314930,541,70819,21713,23914,88602,84843,97761,-0.394,0.445,0.766,81.0,0.0,0,0.0
14:51:07.318940,542,70817,21714,23917,88598,84841,97766,-0.394,0.445,0.765,81.0,0.0,0,0.0
14:51:07.691285,543,70817,21711,23915,88602,84842,97762,-0.394,0.444,0.764,81.0,0.0,0,0.0
14:51:07.694332,544,70817,21713,23915,88597,84839,97760,-0.395,0.445,0.764,81.0,0.0,0,0.0
14:51:07.697777,545,70818,21710,23915,88601,84837,97762,-0.394,0.446,0.766,81.0,0.0,0,0.0
14:51:07.700381,546,70813,21713,23912,88600,84843,97760,-0.394,0.447,0.767,81.0,0.0,0,0.0
14:51:07.702989,547,70816,21710,23911,88606,84839,97757,-0.394,0.445,0.766,81.0,309.0,25,0.0
14:51:07.708731,548,70813,21709,23911,88599,84838,97756,-0.394,0.445,0.766,81.0,0.0,0,0.0
14:51:07.711748,549,70816,21709,23915,88603,84838,97762,-0.392,0.447,0.766,81.0,0.0,0,0.0
14:51:07.715704,550,70816,21712,23913,88598,84843,97759,-0.393,0.445,0.766,81.0,0.0,0,0.0
14:51:07.718847,551,70813,21710,23912,88596,84839,97759,-0.394,0.444,0.766,81.0,0.0,0,0.0
14:51:07.723059,552,70818,21710,23918,88599,84837,97769,-0.394,0.447,0.765,81.0,0.0,0,0.0
14:51:08.091010,553,70814,21712,23913,88602,84841,97763,-0.394,0.446,0.768,81.0,0.0,0,0.0
14:51:08.093927,554,70814,21712,23913,88601,84841,97762,-0.393,0.446,0.766,81.0,0.0,0,0.0
14:51:08.096742,555,70814,21710,23912,88600,84840,97756,-0.393,0.447,0.766,81.0,0.0,0,0.0
14:51:08.099276,556,70818,21708,23912,88600,84837,97761,-0.393,0.446,0.766,81.0,0.0,0,0.0
14:51:08.102411,557,70813,21711,23912,88601,84839,97760,-0.393,0.447,0.766,81.0,0.0,0,0.0
14:51:08.104985,558,70819,21710,23911,88606,84842,97755,-0.393,0.446,0.766,81.0,0.0,0,0.0
14:51:08.107964,559,70815,21710,23912,88596,84839,97761,-0.394,0.447,0.766,81.0,720.0,25,0.0
14:51:08.110749,560,70816,21710,23913,88601,84837,97762,-0.393,0.447,0.767,81.0,0.0,0,0.0
14:51:08.114222,561,70813,21711,23914,88599,84839,97760,-0.394,0.446,0.767,81.0,0.0,0,0.0
14:51:08.116866,562,70817,21709,23914,88603,84838,97764,-0.394,0.445,0.766,81.0,0.0,0,0.0
14:51:08.490386,563,70817,21715,23913,88603,84842,97765,-0.394,0.447,0.764,81.0,0.0,0,0.0
14:51:08.493071,564,70815,21711,23912,88598,84836,97759,-0.393,0.448,0.766,81.0,0.0,0,0.0
14:51:08.497403,565,70814,21709,23912,88598,84840,97763,-0.393,0.446,0.766,81.0,0.0,0,0.0
14:51:08.499961,566,70816,21710,23912,88599,84842,97763,-0.395,0.445,0.767,81.0,0.0,0,0.0
14:51:08.503592,567,70814,21711,23912,88598,84840,97760,-0.394,0.445,0.766,81.0,0.0,0,0.0
14:51:08.506963,568,70818,21711,23913,88602,84839,97760,-0.394,0.446,0.766,81.0,0.0,0,0.0
14:51:08.509698,569,70817,21710,23914,88598,84841,97767,-0.395,0.446,0.767,81.0,0.0,0,0.0
14:51:08.513932,570,70818,21712,23913,88602,84840,97757,-0.394,0.447,0.766,81.0,0.0,0,0.0
14:51:08.516632,571,70820,21710,23912,88603,84839,97758,-0.393,0.447,0.768,81.0,0.0,0,0.0
14:51:08.520567,572,70819,21711,23909,88599,84841,97760,-0.393,0.445,0.767,81.0,0.0,0,0.0
14:51:08.891086,573,70816,21707,23913,88602,84837,97757,-0.393,0.448,0.766,81.0,0.0,0,0.0
14:51:08.893564,574,70814,21708,23911,88600,84837,97756,-0.393,0.447,0.767,81.0,0.0,0,0.0
14:51:08.896216,575,70816,21710,23915,88598,84840,97762,-0.392,0.446,0.766,81.0,449.2,25,0.0
14:51:08.899759,576,70820,21709,23910,88603,84838,97762,-0.394,0.447,0.766,81.0,0.0,0,0.0
14:51:08.907757,577,70817,21710,23911,88602,84837,97757,-0.394,0.447,0.765,81.0,0.0,0,0.0
14:51:08.913883,578,70817,21710,23911,88603,84843,97761,-0.394,0.447,0.767,81.0,0.0,0,0.0
14:51:08.916594,579,70814,21710,23912,88600,84841,97757,-0.393,0.447,0.766,81.0,0.0,0,0.0
14:51:08.919730,580,70815,21709,23913,88597,84838,97765,-0.394,0.447,0.769,81.0,0.0,0,0.0
14:51:08.925556,581,70818,21711,23913,88600,84837,97757,-0.392,0.446,0.767,81.0,0.0,0,0.0
14:51:08.928614,582,70817,21711,23912,88600,84842,97756,-0.394,0.446,0.767,81.0,0.0,0,0.0
14:51:09.290542,583,70815,21708,23911,88600,84837,97761,-0.394,0.447,0.765,81.0,0.0,0,0.0
14:51:09.293270,584,70817,21709,23911,88603,84842,97760,-0.393,0.447,0.765,81.0,0.0,0,0.0
14:51:09.296332,585,70812,21710,23910,88600,84841,97759,-0.394,0.444,0.766,81.0,0.0,0,0.0
14:51:09.298933,586,70818,21711,23911,88600,84842,97762,-0.393,0.447,0.768,81.0,0.0,0,0.0
14:51:09.301868,587,70817,21710,23911,88602,84842,97762,-0.393,0.446,0.766,81.0,0.0,0,0.0
14:51:09.304626,588,70817,21709,23912,88603,84838,97762,-0.393,0.446,0.766,81.0,0.0,0,0.0
14:51:09.307456,589,70816,21708,23910,88607,84842,97765,-0.393,0.447,0.768,81.0,0.0,0,0.0
14:51:09.310418,590,70816,21708,23912,88600,84835,97763,-0.394,0.447,0.766,81.0,746.7,25,0.0
14:51:09.313373,591,70816,21709,23908,88601,84839,97762,-0.393,0.447,0.767,81.0,0.0,0,0.0
14:51:09.316328,592,70817,21709,23910,88602,84838,97759,-0.393,0.446,0.766,81.0,0.0,0,0.0
14:51:09.690164,593,70813,21708,23911,88599,84842,97762,-0.394,0.446,0.765,81.0,0.0,0,0.0
14:51:09.693202,594,70819,21710,23910,88602,84841,97757,-0.393,0.446,0.767,81.0,0.0,0,0.0
14:51:09.696196,595,70818,21707,23908,88602,84842,97761,-0.392,0.446,0.766,81.0,0.0,0,0.0
14:51:09.698644,596,70821,21709,23911,88606,84840,97759,-0.393,0.447,0.766,81.0,0.0,0,0.0
14:51:09.701450,597,70817,21708,23912,88603,84841,97765,-0.393,0.447,0.766,81.0,0.0,0,0.0
14:51:09.704628,598,70819,21707,23910,88605,84840,97764,-0.393,0.446,0.766,81.0,0.0,0,0.0
14:51:09.707686,599,70813,21709,23909,88602,84836,97765,-0.394,0.446,0.766,81.0,0.0,0,0.0
14:51:09.710312,600,70814,21707,23909,88599,84839,97760,-0.394,0.448,0.767,81.0,0.0,0,0.0
14:51:09.715446,601,70815,21707,23910,88604,84838,97762,-0.393,0.446,0.768,81.0,0.0,0,0.0
14:51:09.717976,602,70820,21707,23911,88605,84842,97764,-0.393,0.445,0.768,81.0,0.0,0,0.0
14:51:10.089572,603,70819,21708,23909,88603,84845,97763,-0.394,0.446,0.767,81.0,557.7,25,0.0
14:51:10.093681,604,70817,21706,23910,88602,84839,97762,-0.393,0.448,0.767,82.0,0.0,0,0.0
14:51:10.096025,605,70816,21707,23910,88600,84842,97763,-0.393,0.446,0.766,82.0,0.0,0,0.0
14:51:10.100435,606,70817,21707,23909,88603,84841,97762,-0.394,0.447,0.767,82.0,0.0,0,0.0
14:51:10.103415,607,70816,21707,23909,88601,84841,97760,-0.393,0.446,0.765,82.0,0.0,0,0.0
14:51:10.107035,608,70816,21706,23912,88603,84837,97762,-0.394,0.446,0.766,82.0,0.0,0,0.0
14:51:10.110209,609,70814,21706,23911,88598,84842,97763,-0.393,0.445,0.766,82.0,0.0,0,0.0
14:51:10.112713,610,70816,21707,23909,88600,84841,97765,-0.393,0.447,0.767,82.0,0.0,0,0.0
14:51:10.116326,611,70814,21705,23909,88603,84840,97762,-0.393,0.447,0.766,82.0,0.0,0,0.0
14:51:10.119075,612,70811,21706,23910,88601,84838,97756,-0.393,0.447,0.767,82.0,0.0,0,0.0
14:51:10.490500,613,70817,21705,23909,88604,84841,97763,-0.393,0.447,0.766,82.0,396.5,25,0.0
14:51:10.494655,614,70813,21706,23908,88597,84839,97757,-0.393,0.447,0.765,82.0,0.0,0,0.0
14:51:10.497947,615,70812,21706,23906,88599,84842,97760,-0.393,0.447,0.767,82.0,0.0,0,0.0
14:51:10.500939,616,70814,21703,23908,88603,84836,97767,-0.392,0.446,0.767,82.0,0.0,0,0.0
14:51:10.504837,617,70816,21706,23907,88602,84837,97760,-0.393,0.447,0.766,82.0,0.0,0,0.0
14:51:10.507356,618,70815,21708,23910,88603,84844,97761,-0.393,0.446,0.768,82.0,0.0,0,0.0
14:51:10.510037,619,70820,21705,23907,88606,84838,97763,-0.394,0.446,0.768,82.0,0.0,0,0.0
14:51:10.512485,620,70819,21708,23909,88604,84840,97762,-0.392,0.447,0.766,82.0,0.0,0,0.0
14:51:10.515509,621,70817,21705,23912,88604,84837,97764,-0.392,0.447,0.768,82.0,0.0,0,0.0
14:51:10.517758,622,70817,21706,23909,88597,84837,97762,-0.394,0.445,0.767,82.0,0.0,0,0.0
14:51:10.889015,623,70818,21706,23907,88603,84840,97762,-0.393,0.447,0.767,82.0,0.0,0,0.0
14:51:10.891715,624,70815,21705,23906,88600,84841,97763,-0.394,0.448,0.767,82.0,0.0,0,0.0
14:51:10.894677,625,70816,21706,23910,88600,84842,97761,-0.393,0.447,0.767,82.0,0.0,0,0.0
14:51:10.898881,626,70818,21706,23908,88607,84841,97757,-0.393,0.447,0.766,82.0,0.0,0,0.0
14:51:10.905779,627,70815,21705,23909,88600,84839,97766,-0.393,0.447,0.767,82.0,0.0,0,0.0
14:51:10.911499,628,70818,21707,23906,88603,84843,97763,-0.393,0.448,0.767,82.0,0.0,0,0.0
14:51:10.915015,629,70815,21706,23910,88599,84839,97764,-0.394,0.446,0.766,82.0,0.0,0,0.0
14:51:10.919270,630,70817,21706,23909,88603,84840,97761,-0.394,0.449,0.766,82.0,0.0,0,0.0
14:51:10.923606,631,70815,21706,23908,88601,84840,97760,-0.391,0.447,0.768,82.0,0.0,0,0.0
14:51:10.926793,632,70813,21708,23907,88600,84842,97762,-0.394,0.448,0.766,82.0,0.0,0,0.0
14:51:11.288495,633,70815,21706,23907,88601,84837,97761,-0.392,0.447,0.765,82.0,0.0,0,0.0
14:51:11.291312,634,70815,21705,23908,88604,84840,97765,-0.393,0.446,0.767,82.0,566.4,25,0.0
14:51:11.294481,635,70812,21704,23906,88603,84837,97760,-0.393,0.447,0.767,82.0,0.0,0,0.0
14:51:11.296992,636,70814,21707,23906,88600,84839,97764,-0.394,0.446,0.767,82.0,0.0,0,0.0
14:51:11.299763,637,70811,21705,23907,88600,84842,97765,-0.393,0.447,0.767,82.0,0.0,0,0.0
14:51:11.303015,638,70815,21704,23907,88602,84839,97762,-0.394,0.447,0.765,82.0,0.0,0,0.0
14:51:11.305940,639,70814,21704,23905,88600,84837,97766,-0.393,0.446,0.767,82.0,0.0,0,0.0
14:51:11.308481,640,70815,21705,23908,88599,84842,97766,-0.394,0.447,0.766,82.0,0.0,0,0.0
14:51:11.313590,641,70816,21704,23909,88602,84841,97762,-0.394,0.447,0.767,82.0,0.0,0,0.0
14:51:11.316315,642,70817,21705,23907,88603,84842,97766,-0.394,0.446,0.767,82.0,0.0,0,0.0
14:51:11.688694,643,70816,21705,23907,88601,84839,97762,-0.394,0.446,0.767,82.0,0.0,0,0.0
14:51:11.691163,644,70815,21705,23907,88602,84840,97766,-0.393,0.446,0.767,82.0,0.0,0,0.0
14:51:11.694028,645,70814,21703,23909,88603,84839,97770,-0.393,0.447,0.766,82.0,716.7,25,0.0
14:51:11.696771,646,70818,21703,23908,88603,84836,97768,-0.393,0.447,0.766,82.0,0.0,0,0.0
14:51:11.700037,647,70814,21703,23908,88599,84841,97762,-0.394,0.447,0.770,82.0,0.0,0,0.0
14:51:11.703643,648,70811,21703,23906,88599,84836,97762,-0.394,0.446,0.767,82.0,0.0,0,0.0
14:51:11.706425,649,70812,21704,23905,88598,84836,97765,-0.393,0.447,0.767,82.0,0.0,0,0.0
14:51:11.708678,650,70814,21704,23905,88600,84839,97761,-0.393,0.447,0.768,82.0,0.0,0,0.0
14:51:11.714343,651,70814,21706,23908,88599,84841,97763,-0.394,0.446,0.767,82.0,0.0,0,0.0
14:51:11.719305,652,70814,21703,23907,88599,84838,97764,-0.393,0.446,0.766,82.0,0.0,0,0.0
14:51:12.088584,653,70812,21704,23906,88600,84840,97764,-0.394,0.446,0.766,82.0,295.3,25,0.0
14:51:12.091351,654,70812,21705,23909,88600,84841,97767,-0.393,0.448,0.766,82.0,0.0,0,0.0
14:51:12.094655,655,70814,21702,23908,88602,84836,97762,-0.393,0.449,0.767,82.0,0.0,0,0.0
14:51:12.097109,656,70811,21703,23906,88598,84837,97761,-0.394,0.446,0.767,82.0,0.0,0,0.0
14:51:12.099862,657,70813,21701,23903,88597,84837,97759,-0.393,0.447,0.767,82.0,0.0,0,0.0
14:51:12.104007,658,70811,21704,23905,88601,84839,97757,-0.393,0.447,0.767,82.0,0.0,0,0.0
14:51:12.106733,659,70811,21701,23902,88600,84839,97762,-0.393,0.446,0.765,82.0,0.0,0,0.0
14:51:12.109039,660,70819,21703,23908,88602,84841,97764,-0.394,0.448,0.767,82.0,0.0,0,0.0
14:51:12.112659,661,70810,21703,23904,88597,84838,97761,-0.393,0.447,0.767,82.0,0.0,0,0.0
14:51:12.115319,662,70810,21702,23907,88600,84838,97766,-0.393,0.449,0.766,82.0,353.6,25,0.0
14:51:12.487663,663,70815,21702,23905,88602,84836,97765,-0.394,0.447,0.767,82.0,0.0,0,0.0
14:51:12.490599,664,70814,21706,23905,88603,84841,97764,-0.393,0.446,0.767,82.0,0.0,0,0.0
14:51:12.493396,665,70817,21701,23903,88604,84839,97758,-0.394,0.446,0.769,82.0,0.0,0,0.0
14:51:12.495957,666,70814,21704,23904,88602,84842,97763,-0.392,0.448,0.766,82.0,0.0,0,0.0
14:51:12.499063,667,70816,21703,23906,88603,84842,97765,-0.394,0.445,0.767,82.0,0.0,0,0.0
14:51:12.502901,668,70817,21705,23906,88603,84840,97766,-0.394,0.447,0.765,82.0,0.0,0,0.0
14:51:12.505438,669,70815,21702,23903,88602,84842,97760,-0.393,0.446,0.766,83.0,0.0,0,0.0
14:51:12.507879,670,70817,21705,23904,88601,84843,97766,-0.394,0.447,0.767,83.0,0.0,0,0.0
14:51:12.510696,671,70816,21701,23908,88602,84838,97766,-0.392,0.447,0.766,83.0,0.0,0,0.0
14:51:12.513533,672,70812,21703,23904,88600,84838,97761,-0.393,0.446,0.768,83.0,0.0,0,0.0
14:51:12.889176,673,70815,21702,23907,88603,84837,97771,-0.394,0.445,0.766,83.0,0.0,0,0.0
14:51:12.892886,674,70815,21704,23905,88600,84842,97761,-0.393,0.447,0.766,83.0,0.0,0,0.0
14:51:12.896357,675,70811,21701,23905,88603,84837,97766,-0.395,0.446,0.765,83.0,0.0,0,0.0
14:51:12.900369,676,70812,21702,23905,88596,84842,97764,-0.395,0.445,0.768,83.0,0.0,0,0.0
14:51:12.903884,677,70811,21703,23905,88598,84842,97767,-0.394,0.446,0.767,83.0,0.0,0,0.0
14:51:12.907817,678,70811,21706,23902,88598,84842,97759,-0.393,0.447,0.768,83.0,0.0,0,0.0
14:51:12.911093,679,70811,21703,23902,88595,84842,97764,-0.393,0.447,0.767,83.0,0.0,0,0.0
14:51:12.915103,680,70814,21700,23904,88599,84836,97762,-0.394,0.447,0.768,83.0,0.0,0,0.0
14:51:12.918731,681,70813,21703,23904,88599,84844,97762,-0.394,0.447,0.765,83.0,0.0,0,0.0
14:51:12.921141,682,70812,21702,23902,88602,84841,97761,-0.393,0.446,0.767,83.0,0.0,0,0.0
14:51:13.287429,683,70812,21701,23901,88599,84842,97765,-0.393,0.447,0.767,83.0,0.0,0,0.0
14:51:13.291501,684,70815,21700,23903,88601,84843,97763,-0.394,0.447,0.766,83.0,606.7,25,0.0
14:51:13.293898,685,70815,21699,23904,88599,84840,97763,-0.394,0.446,0.767,83.0,0.0,0,0.0
14:51:13.296315,686,70817,21703,23904,88602,84841,97764,-0.393,0.448,0.768,83.0,0.0,0,0.0
14:51:13.298958,687,70815,21700,23903,88599,84841,97765,-0.393,0.446,0.768,83.0,0.0,0,0.0
14:51:13.302392,688,70814,21702,23905,88602,84844,97765,-0.394,0.447,0.767,83.0,0.0,0,0.0
14:51:13.305188,689,70814,21702,23904,88601,84843,97764,-0.393,0.447,0.766,83.0,0.0,0,0.0
14:51:13.307741,690,70812,21702,23902,88599,84841,97764,-0.393,0.448,0.766,83.0,0.0,0,0.0
14:51:13.310288,691,70814,21699,23903,88600,84839,97758,-0.393,0.447,0.768,83.0,0.0,0,0.0
14:51:13.313802,692,70813,21701,23905,88601,84843,97762,-0.393,0.447,0.767,83.0,0.0,0,0.0
14:51:13.688254,693,70813,21701,23904,88599,84842,97764,-0.393,0.448,0.768,83.0,0.0,0,0.0
14:51:13.692494,694,70811,21702,23903,88600,84844,97761,-0.394,0.447,0.767,83.0,0.0,0,0.0
14:51:13.696284,695,70812,21702,23904,88598,84842,97766,-0.392,0.448,0.767,83.0,0.0,0,0.0
14:51:13.699275,696,70814,21701,23905,88598,84843,97767,-0.393,0.446,0.767,83.0,0.0,0,0.0
14:51:13.702290,697,70812,21702,23904,88600,84841,97765,-0.392,0.448,0.768,83.0,0.0,0,0.0
14:51:13.705098,698,70814,21702,23903,88600,84844,97766,-0.393,0.446,0.766,83.0,0.0,0,0.0
14:51:13.708726,699,70808,21701,23901,88602,84842,97760,-0.392,0.447,0.767,83.0,0.0,0,0.0
14:51:13.712298,700,70813,21699,23900,88600,84844,97766,-0.393,0.448,0.766,83.0,0.0,0,0.0
14:51:13.714806,701,70813,21702,23904,88600,84845,97766,-0.393,0.446,0.767,83.0,0.0,0,0.0
14:51:13.717445,702,70811,21702,23903,88601,84844,97763,-0.393,0.448,0.765,83.0,0.0,0,0.0
14:51:14.087688,703,70815,21700,23903,88601,84838,97763,-0.392,0.448,0.767,83.0,974.2,25,0.0
14:51:14.091233,704,70814,21701,23905,88603,84840,97765,-0.394,0.447,0.767,83.0,0.0,0,0.0
14:51:14.095736,705,70815,21701,23904,88603,84841,97767,-0.394,0.447,0.767,83.0,0.0,0,0.0
14:51:14.098546,706,70814,21701,23902,88603,84841,97768,-0.393,0.449,0.766,83.0,0.0,0,0.0
14:51:14.101265,707,70815,21701,23904,88600,84842,97764,-0.394,0.445,0.767,83.0,0.0,0,0.0
14:51:14.105993,708,70814,21701,23901,88603,84843,97761,-0.393,0.446,0.766,83.0,0.0,0,0.0
14:51:14.108758,709,70815,21699,23902,88602,84840,97762,-0.394,0.445,0.767,83.0,0.0,0,0.0
14:51:14.112312,710,70815,21699,23902,88601,84844,97767,-0.394,0.446,0.766,83.0,0.0,0,0.0
14:51:14.114985,711,70815,21699,23902,88601,84841,97767,-0.395,0.445,0.765,83.0,0.0,0,0.0
14:51:14.117111,712,70809,21699,23899,88604,84842,97763,-0.395,0.446,0.764,83.0,0.0,0,0.0
14:51:14.487963,713,70814,21700,23899,88602,84841,97762,-0.394,0.446,0.765,83.0,0.0,0,0.0
14:51:14.490491,714,70810,21702,23901,88602,84844,97761,-0.393,0.444,0.765,83.0,0.0,0,0.0
14:51:14.492827,715,70812,21697,23901,88600,84841,97770,-0.394,0.447,0.767,83.0,0.0,0,0.0
14:51:14.496299,716,70808,21701,23901,88599,84847,97768,-0.393,0.446,0.767,83.0,0.0,0,0.0
14:51:14.499843,717,70811,21699,23901,88601,84845,97765,-0.393,0.448,0.766,83.0,0.0,0,0.0
14:51:14.503453,718,70812,21697,23901,88602,84843,97768,-0.394,0.447,0.765,83.0,0.0,0,0.0
14:51:14.506662,719,70808,21701,23902,88597,84843,97764,-0.394,0.448,0.768,83.0,0.0,0,0.0
14:51:14.509752,720,70813,21700,23902,88601,84844,97769,-0.393,0.447,0.768,83.0,0.0,0,0.0
14:51:14.512755,721,70812,21700,23902,88603,84843,97767,-0.393,0.448,0.769,83.0,0.0,0,0.0
14:51:14.514842,722,70811,21699,23903,88599,84837,97767,-0.394,0.446,0.768,83.0,0.0,0,0.0
14:51:14.887186,723,70813,21698,23901,88602,84842,97767,-0.394,0.447,0.769,83.0,0.0,0,0.0
14:51:14.890889,724,70809,21700,23902,88601,84841,97770,-0.394,0.445,0.765,84.0,0.0,0,0.0
14:51:14.894620,725,70813,21699,23900,88598,84844,97767,-0.393,0.447,0.766,84.0,0.0,0,0.0
14:51:14.898396,726,70809,21700,23902,88596,84843,97764,-0.393,0.447,0.767,84.0,0.0,0,0.0
14:51:14.902223,727,70814,21701,23900,88603,84844,97768,-0.394,0.447,0.767,84.0,0.0,0,0.0
14:51:14.906061,728,70812,21700,23902,88599,84843,97767,-0.393,0.448,0.769,84.0,0.0,0,0.0
14:51:14.911619,729,70813,21701,23900,88600,84842,97770,-0.393,0.448,0.767,84.0,0.0,0,0.0
14:51:14.914326,730,70816,21701,23902,88605,84844,97766,-0.394,0.447,0.765,84.0,1111.5,50,0.0
14:51:14.917483,731,70814,21700,23901,88607,84841,97766,-0.394,0.447,0.765,84.0,0.0,0,0.0
14:51:14.919519,732,70815,21699,23901,88601,84847,97767,-0.394,0.446,0.766,84.0,0.0,0,0.0
14:51:15.287585,733,70809,21701,23902,88600,84845,97769,-0.395,0.447,0.767,84.0,0.0,0,0.0
14:51:15.291139,734,70809,21699,23902,88604,84845,97769,-0.394,0.447,0.767,84.0,0.0,0,0.0
14:51:15.295427,735,70815,21697,23902,88605,84841,97772,-0.394,0.447,0.767,84.0,0.0,0,0.0
14:51:15.298564,736,70810,21698,23899,88605,84842,97766,-0.393,0.447,0.767,84.0,0.0,0,0.0
14:51:15.301127,737,70812,21698,23901,88601,84841,97767,-0.393,0.447,0.766,84.0,0.0,0,0.0
14:51:15.303765,738,70813,21699,23900,88603,84844,97769,-0.394,0.447,0.767,84.0,0.0,0,0.0
14:51:15.306338,739,70813,21699,23900,88603,84844,97763,-0.394,0.447,0.768,84.0,0.0,0,0.0
14:51:15.308872,740,70811,21699,23899,88600,84847,97767,-0.393,0.447,0.768,84.0,0.0,0,0.0
14:51:15.311834,741,70810,21698,23899,88601,84842,97762,-0.394,0.447,0.767,84.0,0.0,0,0.0
14:51:15.313872,742,70813,21698,23901,88601,84847,97766,-0.394,0.448,0.767,84.0,0.0,0,0.0
14:51:15.686312,743,70812,21700,23902,88600,84848,97772,-0.394,0.447,0.768,84.0,0.0,0,0.0
14:51:15.689074,744,70812,21697,23901,88600,84842,97771,-0.393,0.447,0.768,84.0,0.0,0,0.0
14:51:15.691959,745,70812,21698,23900,88601,84846,97767,-0.394,0.447,0.768,84.0,0.0,0,0.0
14:51:15.695116,746,70810,21698,23899,88605,84845,97769,-0.393,0.448,0.767,84.0,0.0,0,0.0
14:51:15.697979,747,70812,21696,23900,88601,84844,97770,-0.394,0.447,0.768,84.0,572.8,25,0.0
14:51:15.700874,748,70810,21698,23900,88603,84846,97767,-0.394,0.446,0.768,84.0,0.0,0,0.0
14:51:15.703775,749,70809,21698,23898,88602,84845,97763,-0.395,0.447,0.767,84.0,0.0,0,0.0
